"Year","HybridType","Count"
1848,"Complex Hybrid",0
1848,"Highly Complex Hybrid",0
1848,"Primary Hybrid",1
1859,"Complex Hybrid",0
1859,"Highly Complex Hybrid",0
1859,"Primary Hybrid",4
1863,"Complex Hybrid",0
1863,"Highly Complex Hybrid",0
1863,"Primary Hybrid",5
1864,"Complex Hybrid",0
1864,"Highly Complex Hybrid",0
1864,"Primary Hybrid",2
1865,"Complex Hybrid",0
1865,"Highly Complex Hybrid",0
1865,"Primary Hybrid",2
1866,"Complex Hybrid",0
1866,"Highly Complex Hybrid",0
1866,"Primary Hybrid",1
1868,"Complex Hybrid",0
1868,"Highly Complex Hybrid",0
1868,"Primary Hybrid",1
1873,"Complex Hybrid",2
1873,"Highly Complex Hybrid",0
1873,"Primary Hybrid",0
1874,"Complex Hybrid",1
1874,"Highly Complex Hybrid",0
1874,"Primary Hybrid",3
1876,"Complex Hybrid",0
1876,"Highly Complex Hybrid",0
1876,"Primary Hybrid",5
1877,"Complex Hybrid",1
1877,"Highly Complex Hybrid",0
1877,"Primary Hybrid",4
1878,"Complex Hybrid",0
1878,"Highly Complex Hybrid",0
1878,"Primary Hybrid",4
1879,"Complex Hybrid",1
1879,"Highly Complex Hybrid",0
1879,"Primary Hybrid",2
1880,"Complex Hybrid",0
1880,"Highly Complex Hybrid",0
1880,"Primary Hybrid",1
1881,"Complex Hybrid",0
1881,"Highly Complex Hybrid",0
1881,"Primary Hybrid",4
1882,"Complex Hybrid",0
1882,"Highly Complex Hybrid",0
1882,"Primary Hybrid",3
1883,"Complex Hybrid",2
1883,"Highly Complex Hybrid",0
1883,"Primary Hybrid",7
1884,"Complex Hybrid",0
1884,"Highly Complex Hybrid",0
1884,"Primary Hybrid",3
1885,"Complex Hybrid",0
1885,"Highly Complex Hybrid",0
1885,"Primary Hybrid",6
1886,"Complex Hybrid",0
1886,"Highly Complex Hybrid",0
1886,"Primary Hybrid",4
1887,"Complex Hybrid",2
1887,"Highly Complex Hybrid",0
1887,"Primary Hybrid",10
1888,"Complex Hybrid",1
1888,"Highly Complex Hybrid",0
1888,"Primary Hybrid",7
1889,"Complex Hybrid",2
1889,"Highly Complex Hybrid",0
1889,"Primary Hybrid",10
1890,"Complex Hybrid",0
1890,"Highly Complex Hybrid",0
1890,"Primary Hybrid",12
1891,"Complex Hybrid",1
1891,"Highly Complex Hybrid",0
1891,"Primary Hybrid",5
1892,"Complex Hybrid",4
1892,"Highly Complex Hybrid",0
1892,"Primary Hybrid",19
1893,"Complex Hybrid",4
1893,"Highly Complex Hybrid",0
1893,"Primary Hybrid",21
1894,"Complex Hybrid",5
1894,"Highly Complex Hybrid",0
1894,"Primary Hybrid",31
1895,"Complex Hybrid",9
1895,"Highly Complex Hybrid",0
1895,"Primary Hybrid",26
1896,"Complex Hybrid",6
1896,"Highly Complex Hybrid",1
1896,"Primary Hybrid",22
1897,"Complex Hybrid",5
1897,"Highly Complex Hybrid",2
1897,"Primary Hybrid",36
1898,"Complex Hybrid",6
1898,"Highly Complex Hybrid",2
1898,"Primary Hybrid",26
1899,"Complex Hybrid",9
1899,"Highly Complex Hybrid",0
1899,"Primary Hybrid",33
1900,"Complex Hybrid",13
1900,"Highly Complex Hybrid",6
1900,"Primary Hybrid",49
1901,"Complex Hybrid",17
1901,"Highly Complex Hybrid",1
1901,"Primary Hybrid",32
1902,"Complex Hybrid",17
1902,"Highly Complex Hybrid",3
1902,"Primary Hybrid",54
1903,"Complex Hybrid",15
1903,"Highly Complex Hybrid",2
1903,"Primary Hybrid",26
1904,"Complex Hybrid",20
1904,"Highly Complex Hybrid",5
1904,"Primary Hybrid",23
1905,"Complex Hybrid",21
1905,"Highly Complex Hybrid",3
1905,"Primary Hybrid",15
1906,"Complex Hybrid",23
1906,"Highly Complex Hybrid",7
1906,"Primary Hybrid",23
1907,"Complex Hybrid",39
1907,"Highly Complex Hybrid",8
1907,"Primary Hybrid",19
1908,"Complex Hybrid",29
1908,"Highly Complex Hybrid",13
1908,"Primary Hybrid",18
1909,"Complex Hybrid",46
1909,"Highly Complex Hybrid",22
1909,"Primary Hybrid",11
1910,"Complex Hybrid",45
1910,"Highly Complex Hybrid",19
1910,"Primary Hybrid",8
1911,"Complex Hybrid",53
1911,"Highly Complex Hybrid",26
1911,"Primary Hybrid",12
1912,"Complex Hybrid",39
1912,"Highly Complex Hybrid",21
1912,"Primary Hybrid",8
1913,"Complex Hybrid",38
1913,"Highly Complex Hybrid",21
1913,"Primary Hybrid",6
1914,"Complex Hybrid",72
1914,"Highly Complex Hybrid",36
1914,"Primary Hybrid",13
1915,"Complex Hybrid",60
1915,"Highly Complex Hybrid",53
1915,"Primary Hybrid",13
1916,"Complex Hybrid",63
1916,"Highly Complex Hybrid",59
1916,"Primary Hybrid",8
1917,"Complex Hybrid",64
1917,"Highly Complex Hybrid",59
1917,"Primary Hybrid",5
1918,"Complex Hybrid",29
1918,"Highly Complex Hybrid",40
1918,"Primary Hybrid",2
1919,"Complex Hybrid",38
1919,"Highly Complex Hybrid",42
1919,"Primary Hybrid",3
1920,"Complex Hybrid",42
1920,"Highly Complex Hybrid",64
1920,"Primary Hybrid",12
1921,"Complex Hybrid",32
1921,"Highly Complex Hybrid",67
1921,"Primary Hybrid",9
1922,"Complex Hybrid",65
1922,"Highly Complex Hybrid",90
1922,"Primary Hybrid",6
1923,"Complex Hybrid",53
1923,"Highly Complex Hybrid",70
1923,"Primary Hybrid",8
1924,"Complex Hybrid",41
1924,"Highly Complex Hybrid",71
1924,"Primary Hybrid",2
1925,"Complex Hybrid",34
1925,"Highly Complex Hybrid",55
1925,"Primary Hybrid",2
1926,"Complex Hybrid",32
1926,"Highly Complex Hybrid",46
1926,"Primary Hybrid",3
1927,"Complex Hybrid",25
1927,"Highly Complex Hybrid",59
1927,"Primary Hybrid",2
1928,"Complex Hybrid",32
1928,"Highly Complex Hybrid",77
1928,"Primary Hybrid",2
1929,"Complex Hybrid",30
1929,"Highly Complex Hybrid",64
1929,"Primary Hybrid",1
1930,"Complex Hybrid",38
1930,"Highly Complex Hybrid",117
1930,"Primary Hybrid",0
1931,"Complex Hybrid",39
1931,"Highly Complex Hybrid",113
1931,"Primary Hybrid",0
1932,"Complex Hybrid",26
1932,"Highly Complex Hybrid",79
1932,"Primary Hybrid",0
1933,"Complex Hybrid",23
1933,"Highly Complex Hybrid",83
1933,"Primary Hybrid",0
1934,"Complex Hybrid",23
1934,"Highly Complex Hybrid",75
1934,"Primary Hybrid",1
1935,"Complex Hybrid",19
1935,"Highly Complex Hybrid",79
1935,"Primary Hybrid",0
1936,"Complex Hybrid",29
1936,"Highly Complex Hybrid",79
1936,"Primary Hybrid",0
1937,"Complex Hybrid",27
1937,"Highly Complex Hybrid",77
1937,"Primary Hybrid",1
1938,"Complex Hybrid",45
1938,"Highly Complex Hybrid",113
1938,"Primary Hybrid",2
1939,"Complex Hybrid",42
1939,"Highly Complex Hybrid",76
1939,"Primary Hybrid",1
1940,"Complex Hybrid",16
1940,"Highly Complex Hybrid",58
1940,"Primary Hybrid",1
1941,"Complex Hybrid",25
1941,"Highly Complex Hybrid",86
1941,"Primary Hybrid",2
1942,"Complex Hybrid",11
1942,"Highly Complex Hybrid",62
1942,"Primary Hybrid",1
1943,"Complex Hybrid",28
1943,"Highly Complex Hybrid",144
1943,"Primary Hybrid",0
1944,"Complex Hybrid",27
1944,"Highly Complex Hybrid",79
1944,"Primary Hybrid",1
1945,"Complex Hybrid",46
1945,"Highly Complex Hybrid",132
1945,"Primary Hybrid",12
1946,"Complex Hybrid",69
1946,"Highly Complex Hybrid",195
1946,"Primary Hybrid",0
1947,"Complex Hybrid",33
1947,"Highly Complex Hybrid",72
1947,"Primary Hybrid",2
1948,"Complex Hybrid",42
1948,"Highly Complex Hybrid",180
1948,"Primary Hybrid",4
1949,"Complex Hybrid",40
1949,"Highly Complex Hybrid",205
1949,"Primary Hybrid",1
1950,"Complex Hybrid",49
1950,"Highly Complex Hybrid",157
1950,"Primary Hybrid",4
1951,"Complex Hybrid",33
1951,"Highly Complex Hybrid",162
1951,"Primary Hybrid",1
1952,"Complex Hybrid",51
1952,"Highly Complex Hybrid",191
1952,"Primary Hybrid",1
1953,"Complex Hybrid",50
1953,"Highly Complex Hybrid",173
1953,"Primary Hybrid",2
1954,"Complex Hybrid",46
1954,"Highly Complex Hybrid",236
1954,"Primary Hybrid",4
1955,"Complex Hybrid",42
1955,"Highly Complex Hybrid",192
1955,"Primary Hybrid",2
1956,"Complex Hybrid",39
1956,"Highly Complex Hybrid",174
1956,"Primary Hybrid",1
1957,"Complex Hybrid",52
1957,"Highly Complex Hybrid",206
1957,"Primary Hybrid",0
1958,"Complex Hybrid",44
1958,"Highly Complex Hybrid",174
1958,"Primary Hybrid",2
1959,"Complex Hybrid",28
1959,"Highly Complex Hybrid",160
1959,"Primary Hybrid",1
1960,"Complex Hybrid",35
1960,"Highly Complex Hybrid",272
1960,"Primary Hybrid",4
1961,"Complex Hybrid",48
1961,"Highly Complex Hybrid",165
1961,"Primary Hybrid",4
1962,"Complex Hybrid",54
1962,"Highly Complex Hybrid",170
1962,"Primary Hybrid",5
1963,"Complex Hybrid",60
1963,"Highly Complex Hybrid",219
1963,"Primary Hybrid",4
1964,"Complex Hybrid",53
1964,"Highly Complex Hybrid",197
1964,"Primary Hybrid",8
1965,"Complex Hybrid",74
1965,"Highly Complex Hybrid",218
1965,"Primary Hybrid",6
1966,"Complex Hybrid",62
1966,"Highly Complex Hybrid",203
1966,"Primary Hybrid",5
1967,"Complex Hybrid",40
1967,"Highly Complex Hybrid",167
1967,"Primary Hybrid",2
1968,"Complex Hybrid",44
1968,"Highly Complex Hybrid",235
1968,"Primary Hybrid",3
1969,"Complex Hybrid",46
1969,"Highly Complex Hybrid",231
1969,"Primary Hybrid",4
1970,"Complex Hybrid",47
1970,"Highly Complex Hybrid",205
1970,"Primary Hybrid",1
1971,"Complex Hybrid",18
1971,"Highly Complex Hybrid",88
1971,"Primary Hybrid",5
1972,"Complex Hybrid",27
1972,"Highly Complex Hybrid",99
1972,"Primary Hybrid",4
1973,"Complex Hybrid",23
1973,"Highly Complex Hybrid",147
1973,"Primary Hybrid",3
1974,"Complex Hybrid",32
1974,"Highly Complex Hybrid",123
1974,"Primary Hybrid",3
1975,"Complex Hybrid",22
1975,"Highly Complex Hybrid",137
1975,"Primary Hybrid",7
1976,"Complex Hybrid",18
1976,"Highly Complex Hybrid",69
1976,"Primary Hybrid",1
1977,"Complex Hybrid",13
1977,"Highly Complex Hybrid",44
1977,"Primary Hybrid",5
1978,"Complex Hybrid",24
1978,"Highly Complex Hybrid",60
1978,"Primary Hybrid",1
1979,"Complex Hybrid",15
1979,"Highly Complex Hybrid",65
1979,"Primary Hybrid",0
1980,"Complex Hybrid",28
1980,"Highly Complex Hybrid",96
1980,"Primary Hybrid",5
1981,"Complex Hybrid",25
1981,"Highly Complex Hybrid",73
1981,"Primary Hybrid",4
1982,"Complex Hybrid",44
1982,"Highly Complex Hybrid",121
1982,"Primary Hybrid",9
1983,"Complex Hybrid",45
1983,"Highly Complex Hybrid",110
1983,"Primary Hybrid",9
1984,"Complex Hybrid",53
1984,"Highly Complex Hybrid",90
1984,"Primary Hybrid",14
1985,"Complex Hybrid",45
1985,"Highly Complex Hybrid",107
1985,"Primary Hybrid",9
1986,"Complex Hybrid",45
1986,"Highly Complex Hybrid",92
1986,"Primary Hybrid",10
1987,"Complex Hybrid",47
1987,"Highly Complex Hybrid",109
1987,"Primary Hybrid",4
1988,"Complex Hybrid",53
1988,"Highly Complex Hybrid",103
1988,"Primary Hybrid",11
1989,"Complex Hybrid",29
1989,"Highly Complex Hybrid",114
1989,"Primary Hybrid",4
1990,"Complex Hybrid",38
1990,"Highly Complex Hybrid",97
1990,"Primary Hybrid",2
1991,"Complex Hybrid",55
1991,"Highly Complex Hybrid",92
1991,"Primary Hybrid",7
1992,"Complex Hybrid",39
1992,"Highly Complex Hybrid",118
1992,"Primary Hybrid",5
1993,"Complex Hybrid",36
1993,"Highly Complex Hybrid",74
1993,"Primary Hybrid",7
1994,"Complex Hybrid",36
1994,"Highly Complex Hybrid",101
1994,"Primary Hybrid",10
1995,"Complex Hybrid",31
1995,"Highly Complex Hybrid",73
1995,"Primary Hybrid",14
1996,"Complex Hybrid",40
1996,"Highly Complex Hybrid",61
1996,"Primary Hybrid",4
1997,"Complex Hybrid",32
1997,"Highly Complex Hybrid",92
1997,"Primary Hybrid",8
1998,"Complex Hybrid",28
1998,"Highly Complex Hybrid",98
1998,"Primary Hybrid",13
1999,"Complex Hybrid",46
1999,"Highly Complex Hybrid",94
1999,"Primary Hybrid",10
2000,"Complex Hybrid",29
2000,"Highly Complex Hybrid",97
2000,"Primary Hybrid",7
2001,"Complex Hybrid",44
2001,"Highly Complex Hybrid",102
2001,"Primary Hybrid",21
2002,"Complex Hybrid",39
2002,"Highly Complex Hybrid",106
2002,"Primary Hybrid",9
2003,"Complex Hybrid",61
2003,"Highly Complex Hybrid",125
2003,"Primary Hybrid",8
2004,"Complex Hybrid",63
2004,"Highly Complex Hybrid",104
2004,"Primary Hybrid",18
2005,"Complex Hybrid",49
2005,"Highly Complex Hybrid",155
2005,"Primary Hybrid",6
2006,"Complex Hybrid",46
2006,"Highly Complex Hybrid",121
2006,"Primary Hybrid",12
2007,"Complex Hybrid",64
2007,"Highly Complex Hybrid",102
2007,"Primary Hybrid",12
2008,"Complex Hybrid",36
2008,"Highly Complex Hybrid",82
2008,"Primary Hybrid",12
2009,"Complex Hybrid",55
2009,"Highly Complex Hybrid",105
2009,"Primary Hybrid",17
2010,"Complex Hybrid",44
2010,"Highly Complex Hybrid",81
2010,"Primary Hybrid",40
2011,"Complex Hybrid",51
2011,"Highly Complex Hybrid",81
2011,"Primary Hybrid",8
2012,"Complex Hybrid",39
2012,"Highly Complex Hybrid",52
2012,"Primary Hybrid",10
2013,"Complex Hybrid",44
2013,"Highly Complex Hybrid",66
2013,"Primary Hybrid",17
2014,"Complex Hybrid",47
2014,"Highly Complex Hybrid",75
2014,"Primary Hybrid",17
2015,"Complex Hybrid",42
2015,"Highly Complex Hybrid",50
2015,"Primary Hybrid",10
2016,"Complex Hybrid",34
2016,"Highly Complex Hybrid",63
2016,"Primary Hybrid",22
2017,"Complex Hybrid",34
2017,"Highly Complex Hybrid",47
2017,"Primary Hybrid",17
2018,"Complex Hybrid",52
2018,"Highly Complex Hybrid",79
2018,"Primary Hybrid",33
2019,"Complex Hybrid",46
2019,"Highly Complex Hybrid",101
2019,"Primary Hybrid",38
2020,"Complex Hybrid",42
2020,"Highly Complex Hybrid",86
2020,"Primary Hybrid",20
2021,"Complex Hybrid",47
2021,"Highly Complex Hybrid",88
2021,"Primary Hybrid",14
2022,"Complex Hybrid",52
2022,"Highly Complex Hybrid",64
2022,"Primary Hybrid",24
2023,"Complex Hybrid",67
2023,"Highly Complex Hybrid",88
2023,"Primary Hybrid",41
2024,"Complex Hybrid",58
2024,"Highly Complex Hybrid",74
2024,"Primary Hybrid",18
